{
	"archetype": "sentry",
    "abilityNameTranslationKey": "ability.bullet_sprinkler_starter.name",
    "abilityDescriptionTranslationKey": "ability.bullet_sprinkler_starter.desc",
	"stringId": "bullet_sprinkler_starter",
	"travelSpeed": 250,
	"dmgMultiplier": 0,
	"canBeAutoFired": false,
	"explodeAtCursor": true,
	"lifetime": 10,
	"manuallyAimed": true,
	"setAimingCursor": true,
    "target": -1,
	"onlyFireAfterArrival": true,
    "cooldown": 10,
    "charges": 2,
    "sentryAbility": "bullet_sprinkler"
}