{
	"archetype": "projectile",
    "abilityNameTranslationKey": "ability.healing_ability.name",
    "abilityDescriptionTranslationKey": "ability.healing_ability.desc",
    "projectileSpriteOverride": "healing_projectile.png",
	"stringId": "healing_ability",
	"travelSpeed": 400,
	"cooldown": 1,
	"firingDelay": 0,
	"dmgMultiplier": 20,
    "canBeAutoFired": false,
    "damageType": 1,
	"shotsPerLoop": 12,
    "target": 1,
    "statusesApplied": [
        {
            "id": 2,
            "duration": 5
        }
    ]
}